{
 "n": 282,
 "n_followed": 97,
 "conditions": {
  "full": {
   "auroc": 0.6857620507105043,
   "ci": [
    0.6186538155625431,
    0.7464552890465098
   ],
   "std": 6.439085356763919
  },
  "cot_removed": {
   "auroc": 0.5510169963778211,
   "ci": [
    0.4857979804825156,
    0.6181403565252118
   ],
   "std": 8.797618827115315
  },
  "random_removed": {
   "auroc": 0.5227082752855948,
   "ci": [
    0.4487954460269865,
    0.5951602275060729
   ],
   "std": 12.65680682929869
  }
 },
 "gate0": {
  "passed": false
 },
 "specificity_control": {
  "auroc": 0.5363611033714126,
  "ci": [
   0.4683493366889903,
   0.6065902054601745
  ],
  "void": false
 },
 "outcome": "gate0_fail_pipeline_broken"
}