{
 "n": 485,
 "n_followed": 167,
 "conditions": {
  "full": {
   "mean_diff": {
    "auroc": 0.9064700787105036,
    "ci": [
     0.8767927746949744,
     0.9326979038858014
    ],
    "std": 11.712976708798916
   },
   "logistic_regression": {
    "auroc": 0.9735811396075773,
    "ci": [
     0.9618067093151461,
     0.9839933687598906
    ],
    "std": 0.4416254976632723
   }
  },
  "cot_removed": {
   "mean_diff": {
    "auroc": 0.5651527134410425,
    "ci": [
     0.5134819235384454,
     0.6143024249735465
    ],
    "std": 25.490413806981692
   },
   "logistic_regression": {
    "auroc": 0.61187059842579,
    "ci": [
     0.5619157663789438,
     0.6591910670518206
    ],
    "std": 0.45539003527681904
   }
  },
  "random_removed": {
   "mean_diff": {
    "auroc": 0.5834180695213347,
    "ci": [
     0.5303811977540165,
     0.6358477831203003
    ],
    "std": 14.26844474914102
   },
   "logistic_regression": {
    "auroc": 0.6866455767709864,
    "ci": [
     0.6375257171977002,
     0.7339748680111657
    ],
    "std": 0.3919659662097989
   }
  }
 },
 "prereg_hash_expected": "d35a84b0",
 "gate0": {
  "passed": true,
  "stronger_readout": "logistic_regression",
  "lr_at_least_meandiff": true
 },
 "gate1": {
  "C": 0.61187059842579,
  "C_readout": "logistic_regression",
  "R": 0.6866455767709864,
  "R_readout": "logistic_regression",
  "R_minus_C": 0.07477497834519642,
  "ci": [
   0.007174043710513426,
   0.14461995312873266
  ]
 },
 "specificity_control": {
  "mean_diff": {
   "auroc": 0.6195910066659135,
   "ci": [
    0.5685069979408768,
    0.6698456270850959
   ]
  },
  "logistic_regression": {
   "auroc": 0.6024742966896396,
   "ci": [
    0.5524692984672175,
    0.6521646220762302
   ]
  }
 },
 "outcome": "inconclusive"
}